matrix_res,score_res,k,sample,mod_score,energy,run_time
0.8,1.0,2.0,"{0: 1, 1: 1, 2: 1, 3: 1, 4: 0, 5: 0, 6: 0, 7: 1, 8: 1, 9: 1, 10: 0, 11: 0, 12: 1, 13: 1, 14: 1, 15: 1, 16: 0, 17: 1, 18: 1, 19: 1, 20: 0, 21: 1, 22: 1, 23: 1, 24: 1, 25: 1, 26: 0, 27: 1, 28: 1, 29: 1, 30: 1, 31: 1, 32: 1, 33: 1}",0.12848334926257007,-19.215384615384682,8.022226333618164
