k,sample,mod_score,energy,run_time
2.0,"{0: 1, 1: 1, 2: 1, 3: 1, 4: 1, 5: 1, 6: 1, 7: 1, 8: 1, 9: 1, 10: 1, 11: 1, 12: 1, 13: 1, 14: 1, 15: 1, 16: 1, 17: 1, 18: 1, 19: 1, 20: 0, 21: 0, 22: 1, 23: 1, 24: 0, 25: 1, 26: 0, 27: 0, 28: 1, 29: 1, 30: 1, 31: 1, 32: 1, 33: 1, 34: 0, 35: 0, 36: 0, 37: 0, 38: 0, 39: 0, 40: 0, 41: 0, 42: 0, 43: 0, 44: 0, 45: 0, 46: 0, 47: 0, 48: 0, 49: 0, 50: 0, 51: 0, 52: 0, 53: 0, 54: 0, 55: 0, 56: 1, 57: 1, 58: 0, 59: 1, 60: 1, 61: 1, 62: 1, 63: 1, 64: 1, 65: 1, 66: 0, 67: 0, 68: 1, 69: 1, 70: 0, 71: 0, 72: 0, 73: 0, 74: 0, 75: 0, 76: 0, 77: 0, 78: 1, 79: 1, 80: 1, 81: 1, 82: 1, 83: 1, 84: 1, 85: 1, 86: 0, 87: 0, 88: 0, 89: 1}",0.4267764221144795,-67.23649635036499,38.428184270858765
